POSITION,POKEMON,TYPE1,TYPE2,FULL_TYPE2,DTYPES,FULL_DTYPES,TIERS,TRUE_TIERS,LEVEL,NUMBER,HP,ATT,DEF,SPD,SPE,TOT,AVG,BULK,LS_MOVE_1,LEVEL_1,LS_MOVE_2,LEVEL_2,LS_MOVE_3,LEVEL_3,LS_MOVE_4,LEVEL_4,LS_MOVE_5,LEVEL_5,LS_MOVE_6,LEVEL_6,LS_MOVE_7,LEVEL_7,LS_MOVE_8,LEVEL_8,LS_MOVE_9,LEVEL_9,LS_MOVE_10,LEVEL_10,LS_MOVE_11,LEVEL_11,LS_MOVE_12,LEVEL_12,TM_MOVE_1,TM_MOVE_2,TM_MOVE_3,TM_MOVE_4,TM_MOVE_5,TM_MOVE_6,TM_MOVE_7,TM_MOVE_8,TM_MOVE_9,TM_MOVE_10,TM_MOVE_11,TM_MOVE_12,TM_MOVE_13,TM_MOVE_14,TM_MOVE_15,TM_MOVE_16,TM_MOVE_17,TM_MOVE_18,TM_MOVE_19,TM_MOVE_20,TM_MOVE_21,TM_MOVE_22,TM_MOVE_23,TM_MOVE_24,TM_MOVE_25,TM_MOVE_26,TM_MOVE_27,TM_MOVE_28,TM_MOVE_29,TM_MOVE_30,TM_MOVE_31,TM_MOVE_32,TM_MOVE_33,TM_MOVE_34,TM_MOVE_35,TM_MOVE_36,TM_MOVE_37,TM_MOVE_38,TM_MOVE_39,TM_MOVE_40,TM_MOVE_41,TM_MOVE_42,TM_MOVE_43,TM_MOVE_44,TM_MOVE_45,TM_MOVE_46,TM_MOVE_47,TM_MOVE_48,TM_MOVE_49,TM_MOVE_50,TM_MOVE_51,TM_MOVE_52,TM_MOVE_53,TM_MOVE_54,TM_MOVE_55,SUM_LS_MOVES,SUM_TM_MOVES,LEN_POKEMON
1,Mewtwo,Psychic,,Psychic,Psychic,Psychic/Psychic,1,SS,50.0,150,106,110,90,130,154,590,118,350,Disable,1,Confusion,1.0,Psychic,1.0,Swift,1.0,Barrier,63.0,Psychic,66.0,Recover,70.0,Mist,75.0,Amnesia,81.0,,0.0,,0.0,,0.0,Mega-Punch,Pay-Day,Mega-Kick,Body-Slam,Take-Down,Double-Edge,Water-Gun,Ice-Beam,Blizzard,Bubble-Beam,Hyper-Beam,Submission,Counter,Seismic-Toss,Strength,Solar-Beam,Thunderbolt,Thunder-Wave,Thunder,Toxic,Psychic,Rage,Teleport,Mimic,Double-Team,Reflect,Bide,Metronome,Self-Destruct,Fire-Blast,Skull-Bash,Flash,Psywave,Rest,Tri-Attack,Substitute,,,,,,,,,,,,,,,,,,,,9,36,6
2,Alakazam,Psychic,,Psychic,Psychic,Psychic/Psychic,2,S,59.0,65,55,50,45,120,135,405,81,235,Disable,1,Confusion,1.0,Teleport,1.0,Confusion,16.0,Disable,20.0,Psybeam,27.0,Recover,31.0,Psychic,38.0,Reflect,42.0,,0.0,,0.0,,0.0,Mega-Punch,Mega-Kick,Body-Slam,Take-Down,Double-Edge,Hyper-Beam,Submission,Counter,Seismic-Toss,Thunder-Wave,Dig,Toxic,Psychic,Rage,Teleport,Mimic,Double-Team,Reflect,Bide,Metronome,Skull-Bash,Flash,Psywave,Rest,Tri-Attack,Substitute,,,,,,,,,,,,,,,,,,,,,,,,,,,,,,9,26,8
3,Blastoise,Water,,Water,Water,Water/Water,2,S,63.0,9,79,83,100,78,85,425,85,264,Tackle,1,Tail Whip,1.0,Water Gun,1.0,Bubble,1.0,Bubble,8.0,Water Gun,15.0,Bite,24.0,Withdraw,31.0,Skull Bash,42.0,Hydro Pump,52.0,,0.0,,0.0,Mega-Punch,Mega-Kick,Body-Slam,Take-Down,Double-Edge,Water-Gun,Surf,Ice-Beam,Blizzard,Bubble-Beam,Hyper-Beam,Submission,Counter,Seismic-Toss,Strength,Earthquake,Fissure,Dig,Toxic,Rage,Mimic,Double-Team,Reflect,Bide,Skull-Bash,Rest,Substitute,,,,,,,,,,,,,,,,,,,,,,,,,,,,,10,27,9
4,Gengar,Ghost,Poison,Poison,Ghost/Poison,Ghost/Poison,2,S,59.0,94,60,65,60,110,130,425,85,250,Night Shade,1,Confuse Ray,1.0,Lick,1.0,Hypnosis,29.0,Dream Eater,38.0,,0.0,,0.0,,0.0,,0.0,,0.0,,0.0,,0.0,Mega-Punch,Mega-Kick,Body-Slam,Take-Down,Double-Edge,Hyper-Beam,Submission,Counter,Seismic-Toss,Strength,Mega-Drain,Thunderbolt,Thunder,Toxic,Psychic,Rage,Mimic,Double-Team,Bide,Metronome,Self-Destruct,Skull-Bash,Dream-Eater,Psywave,Explosion,Rest,Substitute,,,,,,,,,,,,,,,,,,,,,,,,,,,,,5,27,6
5,Nidoqueen,Ground,Poison,Poison,Ground/Poison,Ground/Poison,2,S,62.0,31,90,82,87,76,75,410,82,252,Scratch,1,Tackle,1.0,Body Slam,1.0,Tail Whip,1.0,Scratch,8.0,Poison Sting,14.0,Body Slam,23.0,,0.0,,0.0,,0.0,,0.0,,0.0,Mega-Punch,Pay-Day,Mega-Kick,Horn-Drill,Body-Slam,Take-Down,Double-Edge,Water-Gun,Surf,Ice-Beam,Blizzard,Bubble-Beam,Hyper-Beam,Submission,Counter,Seismic-Toss,Strength,Thunderbolt,Thunder,Earthquake,Fissure,Toxic,Rage,Mimic,Double-Team,Reflect,Bide,Fire-Blast,Skull-Bash,Rest,Rock-Slide,Substitute,,,,,,,,,,,,,,,,,,,,,,,,7,32,9
6,Nidoking,Ground,Poison,Poison,Ground/Poison,Ground/Poison,2,S,63.0,34,81,92,77,85,75,410,82,233,Horn Attack,1,Tackle,1.0,Thrash,1.0,Poison Sting,1.0,Horn Attack,8.0,Poison Sting,14.0,Thrash,23.0,,0.0,,0.0,,0.0,,0.0,,0.0,Mega-Punch,Pay-Day,Mega-Kick,Horn-Drill,Body-Slam,Take-Down,Double-Edge,Water-Gun,Surf,Ice-Beam,Blizzard,Bubble-Beam,Hyper-Beam,Submission,Counter,Seismic-Toss,Strength,Thunderbolt,Thunder,Earthquake,Fissure,Toxic,Rage,Mimic,Double-Team,Reflect,Bide,Fire-Blast,Skull-Bash,Rest,Rock-Slide,Substitute,,,,,,,,,,,,,,,,,,,,,,,,7,32,8
7,Poliwhirl,Water,,Water,Water,Water/Water,2,S,64.0,61,65,65,65,90,50,335,67,180,Water Gun,1,Hypnosis,1.0,Bubble,1.0,Hypnosis,16.0,Water Gun,19.0,Double Slap,26.0,Body Slam,33.0,Amnesia,41.0,Hydro Pump,49.0,,0.0,,0.0,,0.0,Mega-Punch,Mega-Kick,Body-Slam,Take-Down,Double-Edge,Water-Gun,Surf,Ice-Beam,Blizzard,Bubble-Beam,Submission,Counter,Seismic-Toss,Strength,Earthquake,Fissure,Toxic,Psychic,Rage,Mimic,Double-Team,Bide,Metronome,Skull-Bash,Psywave,Rest,Substitute,,,,,,,,,,,,,,,,,,,,,,,,,,,,,9,27,9
8,Hypno,Psychic,,Psychic,Psychic,Psychic/Psychic,2,S,63.0,97,85,73,70,67,115,410,82,270,Pound,1,Disable,1.0,Confusion,1.0,Hypnosis,1.0,Disable,12.0,Confusion,17.0,Headbutt,24.0,Poison Gas,33.0,Psychic,37.0,Meditate,43.0,,0.0,,0.0,Mega-Punch,Mega-Kick,Body-Slam,Take-Down,Double-Edge,Hyper-Beam,Submission,Counter,Seismic-Toss,Thunder-Wave,Toxic,Psychic,Rage,Teleport,Mimic,Double-Team,Reflect,Bide,Metronome,Skull-Bash,Dream-Eater,Flash,Psywave,Rest,Tri-Attack,Substitute,,,,,,,,,,,,,,,,,,,,,,,,,,,,,,10,26,5
9,Cloyster,Water,Ice,Ice,Water/Ice,Water/Ice,2,S,56.0,91,50,95,180,70,85,480,96,315,Supersonic,1,Aurora Beam,1.0,Withdraw,1.0,Clamp,1.0,Spike Cannon,50.0,,0.0,,0.0,,0.0,,0.0,,0.0,,0.0,,0.0,Take-Down,Double-Edge,Water-Gun,Surf,Ice-Beam,Blizzard,Bubble-Beam,Hyper-Beam,Toxic,Rage,Teleport,Mimic,Double-Team,Reflect,Bide,Self-Destruct,Swift,Explosion,Rest,Tri-Attack,Substitute,,,,,,,,,,,,,,,,,,,,,,,,,,,,,,,,,,,5,21,8
10,Mew,Psychic,,Psychic,Psychic,Psychic/Psychic,2,S,54.0,151,100,100,100,100,100,500,100,300,Pound,1,Transform,10.0,Mega Punch,20.0,Metronome,30.0,Psychic,40.0,,0.0,,0.0,,0.0,,0.0,,0.0,,0.0,,0.0,Mega-Punch,Pay-Day,Razor-Wind,Swords-Dance,Cut,Whirlwind,Fly,Mega-Kick,Horn-Drill,Body-Slam,Take-Down,Double-Edge,Water-Gun,Surf,Ice-Beam,Blizzard,Bubble-Beam,Hyper-Beam,Submission,Counter,Seismic-Toss,Strength,Mega-Drain,Solar-Beam,Dragon-Rage,Thunderbolt,Thunder-Wave,Thunder,Earthquake,Fissure,Dig,Toxic,Psychic,Rage,Teleport,Mimic,Double-Team,Reflect,Bide,Metronome,Self-Destruct,Egg-Bomb,Fire-Blast,Swift,Skull-Bash,Soft-Boiled,Dream-Eater,Sky-Attack,Flash,Psywave,Explosion,Rest,Rock-Slide,Tri-Attack,Substitute,5,55,3
11,Zapdos,Electrik,Fly,Fly,Electrik/Fly,Electrik/Fly,2,S,55.0,145,90,90,85,100,125,490,98,300,Drill Peck,1,Thunder Shock,1.0,Thunder,51.0,Agility,55.0,Light Screen,60.0,,0.0,,0.0,,0.0,,0.0,,0.0,,0.0,,0.0,Razor-Wind,Whirlwind,Fly,Take-Down,Double-Edge,Hyper-Beam,Thunderbolt,Thunder-Wave,Thunder,Toxic,Rage,Mimic,Double-Team,Reflect,Bide,Swift,Sky-Attack,Flash,Rest,Substitute,,,,,,,,,,,,,,,,,,,,,,,,,,,,,,,,,,,,5,20,6
12,Articuno,Ice,Fly,Fly,Ice/Fly,Ice/Fly,2,S,54.0,144,90,85,100,85,125,485,97,315,Ice Beam,1,Peck,1.0,Blizzard,51.0,Agility,55.0,Mist,60.0,,0.0,,0.0,,0.0,,0.0,,0.0,,0.0,,0.0,Razor-Wind,Whirlwind,Fly,Take-Down,Double-Edge,Water-Gun,Ice-Beam,Blizzard,Bubble-Beam,Hyper-Beam,Toxic,Rage,Mimic,Double-Team,Reflect,Bide,Swift,Sky-Attack,Rest,Substitute,,,,,,,,,,,,,,,,,,,,,,,,,,,,,,,,,,,,5,20,8
13,Starmie,Water,Psychic,Psychic,Water/Psychic,Water/Psychic,2,S,59.0,121,60,75,85,115,100,435,87,245,Tackle,1,Water Gun,1.0,Harden,1.0,,0.0,,0.0,,0.0,,0.0,,0.0,,0.0,,0.0,,0.0,,0.0,Take-Down,Double-Edge,Water-Gun,Surf,Ice-Beam,Blizzard,Bubble-Beam,Hyper-Beam,Thunderbolt,Thunder-Wave,Thunder,Toxic,Psychic,Rage,Teleport,Mimic,Double-Team,Reflect,Bide,Swift,Skull-Bash,Flash,Psywave,Rest,Tri-Attack,Substitute,,,,,,,,,,,,,,,,,,,,,,,,,,,,,,3,26,7
14,Gyarados,Water,Fly,Fly,Water/Fly,Water/Fly,2,S,55.0,130,95,125,79,81,100,480,96,274,Leer,1,Bite,1.0,Hydro Pump,1.0,Dragon Rage,1.0,Bite,20.0,Dragon Rage,25.0,Leer,32.0,Hydro Pump,41.0,Hyper Beam,52.0,,0.0,,0.0,,0.0,Body-Slam,Take-Down,Double-Edge,Water-Gun,Surf,Ice-Beam,Blizzard,Bubble-Beam,Hyper-Beam,Strength,Dragon-Rage,Thunderbolt,Thunder,Toxic,Rage,Mimic,Double-Team,Reflect,Bide,Fire-Blast,Skull-Bash,Rest,Substitute,,,,,,,,,,,,,,,,,,,,,,,,,,,,,,,,,9,23,8
15,Snorlax,Normal,,Normal,Normal,Normal/Normal,2,S,59.0,143,160,110,65,30,65,430,86,290,Headbutt,1,Amnesia,1.0,Rest,1.0,Body Slam,35.0,Harden,41.0,Double Edge,48.0,Hyper Beam,56.0,,0.0,,0.0,,0.0,,0.0,,0.0,Mega-Punch,Pay-Day,Mega-Kick,Body-Slam,Take-Down,Double-Edge,Water-Gun,Surf,Ice-Beam,Blizzard,Bubble-Beam,Hyper-Beam,Submission,Counter,Seismic-Toss,Strength,Solar-Beam,Thunderbolt,Thunder,Earthquake,Fissure,Toxic,Psychic,Rage,Mimic,Double-Team,Reflect,Bide,Metronome,Self-Destruct,Fire-Blast,Skull-Bash,Psywave,Rest,Rock-Slide,Substitute,,,,,,,,,,,,,,,,,,,,7,36,7
16,Vaporeon,Water,,Water,Water,Water/Water,2,S,61.0,134,130,65,60,65,110,430,86,300,Sand Attack,1,Tackle,1.0,Water Gun,1.0,Quick Attack,1.0,Quick Attack,27.0,Water Gun,31.0,Tail Whip,37.0,Bite,40.0,Acid Armor,42.0,Haze,44.0,Mist,48.0,Hydro Pump,54.0,Body-Slam,Take-Down,Double-Edge,Water-Gun,Surf,Ice-Beam,Blizzard,Bubble-Beam,Hyper-Beam,Toxic,Rage,Mimic,Double-Team,Reflect,Bide,Swift,Skull-Bash,Rest,Substitute,,,,,,,,,,,,,,,,,,,,,,,,,,,,,,,,,,,,,12,19,8
17,Persian,Normal,,Normal,Normal,Normal/Normal,2,S,60.0,53,65,70,60,115,65,375,75,190,Scratch,1,Bite,1.0,Growl,1.0,Screech,1.0,Bite,12.0,Pay Day,17.0,Screech,24.0,Fury Swipes,37.0,Slash,51.0,,0.0,,0.0,,0.0,Pay-Day,Body-Slam,Take-Down,Double-Edge,Water-Gun,Bubble-Beam,Hyper-Beam,Thunderbolt,Thunder,Toxic,Rage,Mimic,Double-Team,Bide,Swift,Skull-Bash,Rest,Substitute,,,,,,,,,,,,,,,,,,,,,,,,,,,,,,,,,,,,,,9,18,7
18,Machamp,Fighting,,Fighting,Fighting,Fighting/Fighting,2,S,63.0,68,90,130,80,55,65,420,84,235,Karate Chop,1,Leer,1.0,Low Kick,1.0,Low Kick,20.0,Leer,25.0,Focus Energy,36.0,Seismic Toss,44.0,Submission,52.0,,0.0,,0.0,,0.0,,0.0,Mega-Punch,Mega-Kick,Body-Slam,Take-Down,Double-Edge,Hyper-Beam,Submission,Counter,Seismic-Toss,Strength,Earthquake,Fissure,Dig,Toxic,Rage,Mimic,Double-Team,Bide,Metronome,Fire-Blast,Skull-Bash,Rest,Rock-Slide,Substitute,,,,,,,,,,,,,,,,,,,,,,,,,,,,,,,,8,24,7
19,Mrmime,Psychic,,Psychic,Psychic,Psychic/Psychic,2,S,62.0,122,40,45,65,90,100,340,68,205,Confusion,1,Barrier,1.0,Confusion,15.0,Light Screen,23.0,Double Slap,31.0,Meditate,39.0,Substitute,47.0,,0.0,,0.0,,0.0,,0.0,,0.0,Mega Punch,Mega Kick,Body Slam,Take Down,Double Edge,Hyper Beam,Submission,Counter,Seismic Toss,Solar Beam,Thunderbolt,Thunder Wave,Thunder,Toxic,Psychic,Rage,Teleport,Mimic,Double Team,Reflect,Bide,Metronome,Skull Bash,Flash,Psywave,Rest,Substitute,,,,,,,,,,,,,,,,,,,,,,,,,,,,,7,27,6
20,Venusaur,Plant,Poison,Poison,Plant/Poison,Plant/Poison,2,S,64.0,3,80,82,83,80,100,425,85,263,Vine Whip,1,Tackle,1.0,Growl,1.0,Leech Seed,1.0,Leech Seed,7.0,Vine Whip,13.0,Poison Powder,22.0,Razor Leaf,30.0,Growth,43.0,Sleep Powder,55.0,Solar Beam,65.0,,0.0,Swords-Dance,Cut,Body-Slam,Take-Down,Double-Edge,Hyper-Beam,Mega-Drain,Solar-Beam,Toxic,Rage,Mimic,Double-Team,Reflect,Bide,Rest,Substitute,,,,,,,,,,,,,,,,,,,,,,,,,,,,,,,,,,,,,,,,11,16,8
21,Dragonite,Dragon,Fly,Fly,Dragon/Fly,Dragon/Fly,3,A,57.0,149,91,134,95,80,100,500,100,286,Wrap,1,Leer,1.0,Thunder Wave,1.0,Agility,1.0,Thunder Wave,10.0,Agility,20.0,Slam,35.0,Dragon Rage,45.0,Hyper Beam,60.0,,0.0,,0.0,,0.0,Razor-Wind,Horn-Drill,Body-Slam,Take-Down,Double-Edge,Water-Gun,Surf,Ice-Beam,Blizzard,Bubble-Beam,Hyper-Beam,Strength,Dragon-Rage,Thunderbolt,Thunder-Wave,Thunder,Toxic,Rage,Mimic,Double-Team,Reflect,Bide,Fire-Blast,Swift,Skull-Bash,Rest,Substitute,,,,,,,,,,,,,,,,,,,,,,,,,,,,,9,27,9
22,Farfetchd,Normal,Fly,Fly,Normal/Fly,Normal/Fly,3,A,63.0,83,52,65,55,60,58,315,63,165,Sand Attack,1,Peck,1.0,Leer,7.0,Fury Attack,15.0,Swords Dance,23.0,Agility,31.0,Slash,39.0,,0.0,,0.0,,0.0,,0.0,,0.0,Razor Wind,Swords Dance,Cut,Whirlwind,Fly,Body Slam,Take Down,Double Edge,Toxic,Rage,Mimic,Double Team,Reflect,Bide,Swift,Skull-Bash,Rest,Substitute,,,,,,,,,,,,,,,,,,,,,,,,,,,,,,,,,,,,,,7,18,9
23,Tauros,Normal,,Normal,Normal,Normal/Normal,3,A,57.0,128,75,100,95,110,70,450,90,240,Tackle,1,Stomp,21.0,Tail Whip,28.0,Leer,35.0,Rage,44.0,Take Down,51.0,,0.0,,0.0,,0.0,,0.0,,0.0,,0.0,Horn-Drill,Body-Slam,Take-Down,Double-Edge,Ice-Beam,Blizzard,Hyper-Beam,Strength,Thunderbolt,Thunder,Earthquake,Fissure,Toxic,Rage,Mimic,Double-Team,Bide,Fire-Blast,Skull-Bash,Rest,Substitute,,,,,,,,,,,,,,,,,,,,,,,,,,,,,,,,,,,6,21,6
24,Lapras,Water,Ice,Ice,Water/Ice,Water/Ice,3,A,57.0,131,130,85,80,60,95,450,90,305,Growl,1,Water Gun,1.0,Sing,16.0,Mist,20.0,Body Slam,25.0,Confuse Ray,31.0,Ice Beam,38.0,Hydro Pump,46.0,,0.0,,0.0,,0.0,,0.0,Horn-Drill,Body-Slam,Take-Down,Double-Edge,Water-Gun,Surf,Ice-Beam,Blizzard,Bubble-Beam,Hyper-Beam,Strength,Solar-Beam,Dragon-Rage,Thunderbolt,Thunder,Toxic,Psychic,Rage,Mimic,Double-Team,Reflect,Bide,Skull-Bash,Psywave,Rest,Substitute,,,,,,,,,,,,,,,,,,,,,,,,,,,,,,8,26,6
25,Jolteon,Electrik,,Electrik,Electrik,Electrik/Electrik,3,A,60.0,135,65,65,60,130,110,430,86,235,Sand Attack,1,Tackle,1.0,Thunder Shock,1.0,Quick Attack,1.0,Quick Attack,27.0,Thunder Shock,31.0,Tail Whip,37.0,Thunder Wave,40.0,Double Kick,42.0,Agility,44.0,Pin Missile,48.0,Thunder,54.0,Body-Slam,Take-Down,Double-Edge,Hyper-Beam,Thunderbolt,Thunder-Wave,Thunder,Toxic,Rage,Mimic,Double-Team,Reflect,Bide,Swift,Skull-Bash,Flash,Rest,Substitute,,,,,,,,,,,,,,,,,,,,,,,,,,,,,,,,,,,,,,12,18,7
26,Pinsir,Insect,,Insect,Insect,Insect/Insect,3,A,59.0,127,65,125,100,85,55,430,86,220,Vice Grip,1,Seismic Toss,25.0,Guillotine,30.0,Focus Energy,36.0,Harden,43.0,Slash,49.0,Swords Dance,54.0,,0.0,,0.0,,0.0,,0.0,,0.0,Swords-Dance,Cut,Body-Slam,Take-Down,Double-Edge,Hyper-Beam,Submission,Seismic-Toss,Strength,Toxic,Rage,Mimic,Double-Team,Bide,Rest,Substitute,,,,,,,,,,,,,,,,,,,,,,,,,,,,,,,,,,,,,,,,7,16,6
27,Gastly,Ghost,Poison,Poison,Ghost/Poison,Ghost/Poison,3,A,61.0,92,30,35,30,80,100,275,55,160,Night Shade,1,Confuse Ray,1.0,Lick,1.0,Hypnosis,27.0,Dream Eater,35.0,,0.0,,0.0,,0.0,,0.0,,0.0,,0.0,,0.0,Mega-Drain,Thunderbolt,Thunder,Toxic,Psychic,Rage,Mimic,Double-Team,Bide,Self-Destruct,Dream-Eater,Psywave,Explosion,Rest,Substitute,,,,,,,,,,,,,,,,,,,,,,,,,,,,,,,,,,,,,,,,,5,15,6
28,Porygon,Normal,,Normal,Normal,Normal/Normal,3,A,62.0,137,65,60,70,40,75,310,62,210,Tackle,1,Sharpen,1.0,Conversion,1.0,Psybeam,23.0,Recover,28.0,Agility,35.0,Tri Attack,42.0,,0.0,,0.0,,0.0,,0.0,,0.0,Take-Down,Double-Edge,Ice-Beam,Blizzard,Hyper-Beam,Thunderbolt,Thunder-Wave,Thunder,Toxic,Psychic,Rage,Teleport,Mimic,Double-Team,Reflect,Bide,Swift,Skull-Bash,Flash,Psywave,Rest,Tri-Attack,Substitute,,,,,,,,,,,,,,,,,,,,,,,,,,,,,,,,,7,23,7
29,Hitmonlee,Fighting,,Fighting,Fighting,Fighting/Fighting,3,A,62.0,106,50,120,53,87,35,345,69,138,Double Kick,1,Meditate,1.0,Rolling Kick,33.0,Jump Kick,38.0,Focus Energy,43.0,High Jump Kick,48.0,Mega Kick,53.0,,0.0,,0.0,,0.0,,0.0,,0.0,Mega-Punch,Mega-Kick,Body-Slam,Take-Down,Double-Edge,Submission,Counter,Seismic-Toss,Strength,Toxic,Rage,Mimic,Double-Team,Bide,Metronome,Swift,Skull-Bash,Rest,Substitute,,,,,,,,,,,,,,,,,,,,,,,,,,,,,,,,,,,,,7,19,9
30,Raticate,Normal,,Normal,Normal,Normal/Normal,3,A,65.0,20,55,81,60,97,50,343,"68,6",165,Tackle,1,Tail Whip,1.0,Quick Attack,1.0,Quick Attack,7.0,Hyper Fang,14.0,Focus Energy,27.0,Super Fang,41.0,,0.0,,0.0,,0.0,,0.0,,0.0,Body-Slam,Take-Down,Double-Edge,Water-Gun,Ice-Beam,Blizzard,Bubble-Beam,Hyper-Beam,Thunderbolt,Thunder,Dig,Toxic,Rage,Mimic,Double-Team,Bide,Swift,Skull-Bash,Rest,Substitute,,,,,,,,,,,,,,,,,,,,,,,,,,,,,,,,,,,,7,20,8
31,Butterfree,Insect,Fly,Fly,Insect/Fly,Insect/Fly,3,A,64.0,12,60,45,50,70,80,305,61,190,Confusion,1,Confusion,12.0,Poison Powder,15.0,Stun Spore,16.0,Sleep Powder,17.0,Supersonic,21.0,Whirlwind,26.0,Psybeam,32.0,,0.0,,0.0,,0.0,,0.0,Razor-Wind,Whirlwind,Take-Down,Double-Edge,Hyper-Beam,Mega-Drain,Solar-Beam,Toxic,Psychic,Rage,Teleport,Mimic,Double-Team,Reflect,Bide,Swift,Psywave,Rest,Substitute,,,,,,,,,,,,,,,,,,,,,,,,,,,,,,,,,,,,,8,19,10
32,Electrode,Electrik,,Electrik,Electrik,Electrik/Electrik,3,A,63.0,101,60,50,70,140,80,400,80,210,Tackle,1,Sonic Boom,1.0,Screech,1.0,Sonic Boom,17.0,Self Destruct,22.0,Light Screen,29.0,Swift,40.0,Explosion,50.0,,0.0,,0.0,,0.0,,0.0,Take-Down,Hyper-Beam,Thunderbolt,Thunder-Wave,Thunder,Toxic,Rage,Teleport,Mimic,Double-Team,Reflect,Bide,Self-Destruct,Swift,Skull-Bash,Flash,Explosion,Rest,Substitute,,,,,,,,,,,,,,,,,,,,,,,,,,,,,,,,,,,,,8,19,9
33,Electabuzz,Electrik,,Electrik,Electrik,Electrik/Electrik,3,A,63.0,125,65,83,57,105,85,395,79,207,Leer,1,Quick Attack,1.0,Thunder Shock,34.0,Screech,37.0,Thunder Punch,42.0,Light Screen,49.0,Thunder,54.0,,0.0,,0.0,,0.0,,0.0,,0.0,Mega-Punch,Mega-Kick,Body-Slam,Take-Down,Double-Edge,Hyper-Beam,Submission,Counter,Seismic-Toss,Strength,Thunderbolt,Thunder-Wave,Thunder,Toxic,Psychic,Rage,Teleport,Mimic,Double-Team,Reflect,Bide,Metronome,Swift,Skull-Bash,Flash,Psywave,Rest,Substitute,,,,,,,,,,,,,,,,,,,,,,,,,,,,7,28,10
34,Flareon,Fire,,Fire,Fire,Fire/Fire,3,A,66.0,136,65,130,60,65,110,430,86,235,Sand Attack,1,Tackle,1.0,Ember,1.0,Quick Attack,1.0,Quick Attack,27.0,Ember,31.0,Tail Whip,37.0,Bite,40.0,Leer,42.0,Fire Spin,44.0,Rage,48.0,Flamethrower,54.0,Body-Slam,Take-Down,Double-Edge,Hyper-Beam,Toxic,Rage,Mimic,Double-Team,Reflect,Bide,Fire-Blast,Swift,Skull-Bash,Rest,Substitute,,,,,,,,,,,,,,,,,,,,,,,,,,,,,,,,,,,,,,,,,12,15,7
35,Charizard,Fire,Fly,Fly,Fire/Fly,Fire/Fly,3,A,69.0,6,78,84,78,100,85,425,85,241,Scratch,1,Leer,1.0,Growl,1.0,Ember,1.0,Ember,9.0,Leer,15.0,Rage,24.0,Slash,36.0,Flamethrower,46.0,Fire Spin,55.0,,0.0,,0.0,Mega-Punch,Swords-Dance,Cut,Mega-Kick,Body-Slam,Take-Down,Double-Edge,Hyper-Beam,Submission,Counter,Seismic-Toss,Strength,Dragon-Rage,Earthquake,Fissure,Dig,Toxic,Rage,Mimic,Double-Team,Reflect,Bide,Fire-Blast,Swift,Skull-Bash,Rest,Substitute,,,,,,,,,,,,,,,,,,,,,,,,,,,,,10,27,9
36,Poliwag,Water,,Water,Water,Water/Water,4,B,60.0,60,40,50,40,90,40,260,52,120,Bubble,1,Hypnosis,16.0,Water Gun,19.0,Double Slap,25.0,Body Slam,31.0,Amnesia,38.0,Hydro Pump,45.0,,0.0,,0.0,,0.0,,0.0,,0.0,Body-Slam,Take-Down,Double-Edge,Water-Gun,Surf,Ice-Beam,Blizzard,Bubble-Beam,Toxic,Psychic,Rage,Mimic,Double-Team,Bide,Skull-Bash,Psywave,Rest,Substitute,,,,,,,,,,,,,,,,,,,,,,,,,,,,,,,,,,,,,,7,18,7
37,Magmar,Fire,,Fire,Fire,Fire/Fire,4,B,72.0,126,65,95,57,93,85,395,79,207,Ember,1,Leer,36.0,Confuse Ray,39.0,Fire Punch,43.0,Smokescreen,48.0,Smog,52.0,Flamethrower,55.0,,0.0,,0.0,,0.0,,0.0,,0.0,Mega-Punch,Mega-Kick,Body-Slam,Take-Down,Double-Edge,Hyper-Beam,Submission,Counter,Seismic-Toss,Strength,Toxic,Psychic,Rage,Teleport,Mimic,Double-Team,Bide,Metronome,Fire-Blast,Skull-Bash,Psywave,Rest,Substitute,,,,,,,,,,,,,,,,,,,,,,,,,,,,,,,,,7,23,6
38,Tentacool,Water,Poison,Poison,Water/Poison,Water/Poison,4,B,63.0,72,40,40,35,70,100,285,57,175,Acid,1,Supersonic,7.0,Wrap,13.0,Poison Sting,18.0,Water Gun,22.0,Constrict,27.0,Barrier,33.0,Screech,40.0,Hydro Pump,48.0,,0.0,,0.0,,0.0,Swords-Dance,Cut,Take-Down,Double-Edge,Water-Gun,Surf,Ice-Beam,Blizzard,Bubble-Beam,Mega-Drain,Toxic,Rage,Mimic,Double-Team,Reflect,Bide,Skull-Bash,Rest,Substitute,,,,,,,,,,,,,,,,,,,,,,,,,,,,,,,,,,,,,9,19,9
39,Weezing,Poison,,Poison,Poison,Poison/Poison,4,B,69.0,110,65,90,120,60,85,420,84,270,Tackle,1,Smog,1.0,Sludge,1.0,Sludge,32.0,Smokescreen,39.0,Self Destruct,43.0,Haze,49.0,Explosion,53.0,,0.0,,0.0,,0.0,,0.0,Hyper-Beam,Thunderbolt,Thunder,Toxic,Rage,Mimic,Double-Team,Bide,Self-Destruct,Fire-Blast,Explosion,Rest,Substitute,,,,,,,,,,,,,,,,,,,,,,,,,,,,,,,,,,,,,,,,,,,8,13,7
40,Arcanine,Fire,,Fire,Fire,Fire/Fire,4,B,70.0,59,90,110,80,95,80,455,91,250,Take Down,1,Leer,1.0,Roar,1.0,Ember,1.0,,0.0,,0.0,,0.0,,0.0,,0.0,,0.0,,0.0,,0.0,Body-Slam,Take-Down,Double-Edge,Hyper-Beam,Dragon-Rage,Dig,Toxic,Rage,Teleport,Mimic,Double-Team,Reflect,Bide,Fire-Blast,Swift,Skull-Bash,Rest,Substitute,,,,,,,,,,,,,,,,,,,,,,,,,,,,,,,,,,,,,,4,18,8
41,Jynx,Ice,Psychic,Psychic,Ice/Psychic,Ice/Psychic,4,B,65.0,124,65,50,35,95,95,340,68,195,Pound,1,Lovely Kiss,1.0,Lick,18.0,Double Slap,23.0,Ice Punch,31.0,Body Slam,39.0,Thrash,47.0,Blizzard,58.0,,0.0,,0.0,,0.0,,0.0,Mega-Punch,Mega-Kick,Body-Slam,Take-Down,Double-Edge,Water-Gun,Ice-Beam,Blizzard,Bubble-Beam,Hyper-Beam,Submission,Counter,Seismic-Toss,Toxic,Psychic,Rage,Teleport,Mimic,Double-Team,Reflect,Bide,Metronome,Skull-Bash,Psywave,Rest,Substitute,,,,,,,,,,,,,,,,,,,,,,,,,,,,,,8,26,4
42,Bellsprout,Plant,Poison,Poison,Plant/Poison,Plant/Poison,4,B,65.0,69,50,75,35,40,70,270,54,155,Vine Whip,1,Growth,1.0,Wrap,13.0,Poison Powder,15.0,Sleep Powder,18.0,Stun Spore,21.0,Acid,26.0,Razor Leaf,33.0,Slam,42.0,,0.0,,0.0,,0.0,Swords-Dance,Cut,Take-Down,Double-Edge,Mega-Drain,Solar-Beam,Toxic,Rage,Mimic,Double-Team,Reflect,Bide,Rest,Substitute,,,,,,,,,,,,,,,,,,,,,,,,,,,,,,,,,,,,,,,,,,9,14,10
43,Staryu,Water,,Water,Water,Water/Water,4,B,62.0,120,30,45,55,85,70,285,57,155,Tackle,1,Water Gun,17.0,Harden,22.0,Recover,27.0,Swift,32.0,Minimize,37.0,Light Screen,42.0,Hydro Pump,47.0,,0.0,,0.0,,0.0,,0.0,Take-Down,Double-Edge,Water-Gun,Surf,Ice-Beam,Blizzard,Bubble-Beam,Thunderbolt,Thunder-Wave,Thunder,Toxic,Psychic,Rage,Teleport,Mimic,Double-Team,Reflect,Bide,Swift,Skull-Bash,Flash,Psywave,Rest,Tri-Attack,Substitute,,,,,,,,,,,,,,,,,,,,,,,,,,,,,,,8,25,6
44,Golbat,Poison,Fly,Fly,Poison/Fly,Poison/Fly,5,C,71.0,42,75,80,70,90,75,390,78,220,Bite,1,Screech,1.0,Leech Life,1.0,Supersonic,10.0,Bite,15.0,Confuse Ray,21.0,Wing Attack,32.0,Haze,43.0,,0.0,,0.0,,0.0,,0.0,Razor-Wind,Whirlwind,Take-Down,Double-Edge,Hyper-Beam,Mega-Drain,Toxic,Rage,Mimic,Double-Team,Bide,Swift,Rest,Substitute,,,,,,,,,,,,,,,,,,,,,,,,,,,,,,,,,,,,,,,,,,8,14,6
45,Dugtrio,Ground,,Ground,Ground,Ground/Ground,5,C,74.0,51,35,80,50,120,70,355,75,155,Scratch,1,Growl,1.0,Dig,1.0,Growl,15.0,Dig,19.0,Sand Attack,24.0,Slash,35.0,Earthquake,47.0,,0.0,,0.0,,0.0,,0.0,Body-Slam,Take-Down,Double-Edge,Hyper-Beam,Earthquake,Fissure,Dig,Toxic,Rage,Mimic,Double-Team,Bide,Rest,Rock-Slide,Substitute,,,,,,,,,,,,,,,,,,,,,,,,,,,,,,,,,,,,,,,,,8,15,7
46,Moltres,Fire,Fly,Fly,Fire/Fly,Fire/Fly,5,C,66.0,146,90,100,90,90,125,495,99,305,Peck,1,Fire Spin,1.0,Leer,51.0,Agility,55.0,Sky Attack,60.0,,0.0,,0.0,,0.0,,0.0,,0.0,,0.0,,0.0,Razor-Wind,Whirlwind,Fly,Take-Down,Double-Edge,Hyper-Beam,Toxic,Rage,Mimic,Double-Team,Reflect,Bide,Fire-Blast,Swift,Sky-Attack,Rest,Substitute,,,,,,,,,,,,,,,,,,,,,,,,,,,,,,,,,,,,,,,5,17,7
47,Aerodactyl,Rock,Fly,Fly,Rock/Fly,Rock/Fly,5,C,67.0,142,80,105,65,130,60,440,88,205,Wing Attack,1,Agility,1.0,Supersonic,33.0,Bite,38.0,Take Down,45.0,Hyper Beam,54.0,,0.0,,0.0,,0.0,,0.0,,0.0,,0.0,Razor-Wind,Whirlwind,Fly,Take-Down,Double-Edge,Hyper-Beam,Dragon-Rage,Toxic,Rage,Mimic,Double-Team,Reflect,Bide,Fire-Blast,Swift,Sky-Attack,Rest,Substitute,,,,,,,,,,,,,,,,,,,,,,,,,,,,,,,,,,,,,,6,18,10
48,Beedrill,Insect,Poison,Poison,Insect/Poison,Insect/Poison,6,D,66.0,15,65,80,40,75,45,305,61,150,Fury Attack,1,Fury Attack,12.0,Focus Energy,16.0,Twineedle,20.0,Rage,25.0,Pin Missile,30.0,Agility,35.0,,0.0,,0.0,,0.0,,0.0,,0.0,Swords-Dance,Cut,Take-Down,Double-Edge,Hyper-Beam,Mega-Drain,Toxic,Rage,Mimic,Double-Team,Reflect,Bide,Swift,Skull-Bash,Rest,Substitute,,,,,,,,,,,,,,,,,,,,,,,,,,,,,,,,,,,,,,,,7,16,8
49,Hitmonchan,Fighting,,Fighting,Fighting,Fighting/Fighting,6,D,65.0,107,50,105,79,76,35,345,69,164,Comet Punch,1,Agility,1.0,Fire Punch,33.0,Ice Punch,38.0,Thunder Punch,43.0,Mega Punch,48.0,Counter,53.0,,0.0,,0.0,,0.0,,0.0,,0.0,Mega-Punch,Mega-Kick,Body-Slam,Take-Down,Double-Edge,Submission,Counter,Seismic-Toss,Strength,Toxic,Rage,Mimic,Double-Team,Bide,Metronome,Swift,Skull-Bash,Rest,Substitute,,,,,,,,,,,,,,,,,,,,,,,,,,,,,,,,,,,,,7,19,10
50,Omanyte,Psychic,,Psychic,Psychic,Psychic/Psychic,6,D,69.0,138,35,40,100,35,90,300,60,225,Water Gun,1,Withdraw,1.0,Horn Attack,34.0,Leer,39.0,Spike Cannon,46.0,Hydro Pump,53.0,,0.0,,0.0,,0.0,,0.0,,0.0,,0.0,Body-Slam,Take-Down,Double-Edge,Water-Gun,Surf,Ice-Beam,Blizzard,Bubble-Beam,Toxic,Rage,Mimic,Double-Team,Reflect,Bide,Rest,Substitute,,,,,,,,,,,,,,,,,,,,,,,,,,,,,,,,,,,,,,,,6,16,7
51,Chansey,Psychic,,Psychic,Psychic,Psychic/Psychic,6,D,66.0,113,250,5,5,50,105,415,83,360,Pound,1,Double Slap,1.0,Sing,24.0,Growl,30.0,Minimize,38.0,Defense Curl,44.0,Light Screen,48.0,Double Edge,54.0,,0.0,,0.0,,0.0,,0.0,Mega-Punch,Mega-Kick,Body-Slam,Take-Down,Double-Edge,Water-Gun,Ice-Beam,Blizzard,Bubble-Beam,Hyper-Beam,Submission,Counter,Seismic-Toss,Strength,Solar-Beam,Thunderbolt,Thunder-Wave,Thunder,Toxic,Psychic,Rage,Teleport,Mimic,Double-Team,Reflect,Bide,Metronome,Egg-Bomb,Fire-Blast,Skull-Bash,Soft-Boiled,Flash,Psywave,Rest,Tri-Attack,Substitute,,,,,,,,,,,,,,,,,,,,8,36,7
52,Krabby,Water,,Water,Water,Water/Water,6,D,70.0,98,30,105,90,50,25,300,60,145,Leer,1,Bubble,1.0,Vice Grip,20.0,Guillotine,25.0,Stomp,30.0,Crabhammer,35.0,Harden,40.0,,0.0,,0.0,,0.0,,0.0,,0.0,Swords-Dance,Cut,Body-Slam,Take-Down,Double-Edge,Water-Gun,Surf,Ice-Beam,Blizzard,Bubble-Beam,Strength,Toxic,Rage,Mimic,Double-Team,Bide,Rest,Substitute,,,,,,,,,,,,,,,,,,,,,,,,,,,,,,,,,,,,,,7,18,6
53,Mankey,Fighting,,Fighting,Fighting,Fighting/Fighting,6,D,67.0,56,40,80,35,70,35,260,52,110,Scratch,1,Leer,1.0,Karate Chop,15.0,Fury Swipes,21.0,Focus Energy,27.0,Seismic Toss,33.0,Thrash,39.0,,0.0,,0.0,,0.0,,0.0,,0.0,Mega-Punch,Pay-Day,Mega-Kick,Body-Slam,Take-Down,Double-Edge,Submission,Counter,Seismic-Toss,Strength,Thunderbolt,Thunder,Dig,Toxic,Rage,Mimic,Double-Team,Bide,Metronome,Swift,Skull-Bash,Rest,Rock-Slide,Substitute,,,,,,,,,,,,,,,,,,,,,,,,,,,,,,,,7,24,6
54,Slowpoke,Water,Psychic,Psychic,Water/Psychic,Water/Psychic,6,D,74.0,79,90,65,65,15,40,275,55,195,Confusion,1,Disable,18.0,Headbutt,22.0,Growl,27.0,Water Gun,33.0,Amnesia,40.0,Psychic,48.0,,0.0,,0.0,,0.0,,0.0,,0.0,Pay-Day,Body-Slam,Take-Down,Double-Edge,Water-Gun,Surf,Ice-Beam,Blizzard,Bubble-Beam,Strength,Thunder-Wave,Earthquake,Fissure,Dig,Toxic,Psychic,Rage,Teleport,Mimic,Double-Team,Reflect,Bide,Fire-Blast,Swift,Skull-Bash,Flash,Psywave,Rest,Tri-Attack,Substitute,,,,,,,,,,,,,,,,,,,,,,,,,,7,30,8
55,Exeggcute,Plant,Psychic,Psychic,Plant/Psychic,Plant/Psychic,6,D,66.0,102,60,40,80,40,60,280,56,200,Hypnosis,1,Barrage,1.0,Reflect,25.0,Leech Seed,28.0,Stun Spore,32.0,Poison Powder,37.0,Solar Beam,42.0,Sleep Powder,48.0,,0.0,,0.0,,0.0,,0.0,Take-Down,Double-Edge,Toxic,Psychic,Rage,Teleport,Mimic,Double-Team,Reflect,Bide,Self-Destruct,Egg-Bomb,Psywave,Explosion,Rest,Substitute,,,,,,,,,,,,,,,,,,,,,,,,,,,,,,,,,,,,,,,,8,16,9
56,Bulbasaur,Plant,Poison,Poison,Plant/Poison,Plant/Poison,6,D,69.0,1,45,49,49,45,65,253,"50,6",159,Tackle,1,Growl,1.0,Leech Seed,7.0,Vine Whip,13.0,Poison Powder,20.0,Razor Leaf,27.0,Growth,34.0,Sleep Powder,41.0,Solar Beam,48.0,,0.0,,0.0,,0.0,Swords-Dance,Cut,Body-Slam,Take-Down,Double-Edge,Mega-Drain,Solar-Beam,Toxic,Rage,Mimic,Double-Team,Reflect,Bide,Rest,Substitute,,,,,,,,,,,,,,,,,,,,,,,,,,,,,,,,,,,,,,,,,9,15,9
57,Pikachu,Electrik,,Electrik,Electrik,Electrik/Electrik,6,D,69.0,25,35,55,30,90,50,260,52,115,Growl,1,Thunder Shock,1.0,Thunder Wave,9.0,Quick Attack,16.0,Swift,26.0,Agility,33.0,Thunder,43.0,,0.0,,0.0,,0.0,,0.0,,0.0,Mega-Punch,Pay-Day,Mega-Kick,Body-Slam,Take-Down,Double-Edge,Submission,Seismic-Toss,Thunderbolt,Thunder-Wave,Thunder,Toxic,Rage,Mimic,Double-Team,Reflect,Bide,Swift,Skull-Bash,Flash,Rest,Substitute,,,,,,,,,,,,,,,,,,,,,,,,,,,,,,,,,,7,22,7
58,Scyther,Insect,Fly,Fly,Insect/Fly,Insect/Fly,6,D,74.0,123,70,110,80,105,55,420,84,205,Quick Attack,1,Leer,17.0,Focus Energy,20.0,Double Team,24.0,Slash,29.0,Swords Dance,35.0,Agility,42.0,,0.0,,0.0,,0.0,,0.0,,0.0,Swords-Dance,Cut,Take-Down,Double-Edge,Hyper-Beam,Toxic,Rage,Mimic,Double-Team,Bide,Swift,Skull-Bash,Rest,Substitute,,,,,,,,,,,,,,,,,,,,,,,,,,,,,,,,,,,,,,,,,,7,14,7
59,Magnemite,Electrik,,Electrik,Electrik,Electrik/Electrik,6,D,68.0,81,25,35,70,45,95,270,54,190,Tackle,1,Sonic Boom,21.0,Thunder Shock,25.0,Supersonic,29.0,Thunder Wave,35.0,Swift,41.0,Screech,47.0,,0.0,,0.0,,0.0,,0.0,,0.0,Take-Down,Double-Edge,Thunderbolt,Thunder-Wave,Thunder,Toxic,Rage,Teleport,Mimic,Double-Team,Reflect,Bide,Swift,Flash,Rest,Substitute,,,,,,,,,,,,,,,,,,,,,,,,,,,,,,,,,,,,,,,,7,16,9
60,Dratini,Dragon,,Dragon,Dragon,Dragon/Dragon,6,D,72.0,147,41,64,45,50,50,250,50,136,Wrap,1,Leer,1.0,Thunder Wave,10.0,Agility,20.0,Slam,30.0,Dragon Rage,40.0,Hyper Beam,50.0,,0.0,,0.0,,0.0,,0.0,,0.0,Body-Slam,Take-Down,Double-Edge,Water-Gun,Surf,Ice-Beam,Blizzard,Bubble-Beam,Dragon-Rage,Thunderbolt,Thunder-Wave,Thunder,Toxic,Rage,Mimic,Double-Team,Reflect,Bide,Fire-Blast,Swift,Skull-Bash,Rest,Substitute,,,,,,,,,,,,,,,,,,,,,,,,,,,,,,,,,7,23,7
61,Rattata,Normal,,Normal,Normal,Normal/Normal,6,D,74.0,19,30,56,35,72,25,218,"43,6",90,Tackle,1,Tail Whip,1.0,Quick Attack,7.0,Hyper Fang,14.0,Focus Energy,23.0,Super Fang,34.0,,0.0,,0.0,,0.0,,0.0,,0.0,,0.0,Body-Slam,Take-Down,Double-Edge,Water-Gun,Blizzard,Bubble-Beam,Thunderbolt,Thunder,Dig,Toxic,Rage,Mimic,Double-Team,Bide,Swift,Skull-Bash,Rest,Substitute,,,,,,,,,,,,,,,,,,,,,,,,,,,,,,,,,,,,,,6,18,7
62,Ponyta,Fire,,Fire,Fire,Fire/Fire,7,E,80.0,77,50,85,55,90,65,345,69,170,Ember,1,Tail Whip,30.0,Stomp,32.0,Growl,35.0,Fire Spin,39.0,Take Down,43.0,Agility,48.0,,0.0,,0.0,,0.0,,0.0,,0.0,Horn-Drill,Body-Slam,Take-Down,Double-Edge,Toxic,Rage,Mimic,Double-Team,Reflect,Bide,Fire-Blast,Swift,Skull-Bash,Rest,Substitute,,,,,,,,,,,,,,,,,,,,,,,,,,,,,,,,,,,,,,,,,7,15,6
63,Rhyhorn,Rock,Ground,Ground,Rock/Ground,Rock/Ground,7,E,75.0,111,80,85,95,25,30,315,63,205,Horn Attack,1,Stomp,30.0,Tail Whip,35.0,Fury Attack,40.0,Horn Drill,45.0,Leer,50.0,Take Down,55.0,,0.0,,0.0,,0.0,,0.0,,0.0,Horn-Drill,Body-Slam,Take-Down,Double-Edge,Strength,Thunderbolt,Thunder,Earthquake,Fissure,Dig,Toxic,Rage,Mimic,Double-Team,Bide,Fire-Blast,Skull-Bash,Rest,Rock-Slide,Substitute,,,,,,,,,,,,,,,,,,,,,,,,,,,,,,,,,,,,7,20,7
64,Charmander,Fire,,Fire,Fire,Fire/Fire,7,E,81.0,4,39,52,43,65,50,249,"49,8",132,Scratch,1,Growl,1.0,Ember,9.0,Leer,15.0,Rage,22.0,Slash,30.0,Flamethrower,38.0,Fire Spin,46.0,,0.0,,0.0,,0.0,,0.0,Mega-Punch,Swords-Dance,Cut,Mega-Kick,Body-Slam,Take-Down,Double-Edge,Submission,Counter,Seismic-Toss,Strength,Dragon-Rage,Dig,Toxic,Rage,Mimic,Double-Team,Reflect,Bide,Fire-Blast,Swift,Skull-Bash,Rest,Substitute,,,,,,,,,,,,,,,,,,,,,,,,,,,,,,,,8,24,10
65,Onix,Rock,Ground,Ground,Rock/Ground,Rock/Ground,7,E,76.0,95,35,45,160,70,30,340,68,225,Tackle,1,Screech,1.0,Bind,15.0,Rock Throw,19.0,Rage,25.0,Slam,33.0,Harden,43.0,,0.0,,0.0,,0.0,,0.0,,0.0,Body-Slam,Take-Down,Double-Edge,Strength,Earthquake,Fissure,Dig,Toxic,Rage,Mimic,Double-Team,Bide,Self-Destruct,Skull-Bash,Explosion,Rest,Rock-Slide,Substitute,,,,,,,,,,,,,,,,,,,,,,,,,,,,,,,,,,,,,,7,18,4
66,Ekans,Poison,,Poison,Poison,Poison/Poison,7,E,76.0,23,35,60,44,55,40,234,"46,8",119,Wrap,1,Leer,1.0,Poison Sting,10.0,Bite,17.0,Glare,24.0,Screech,31.0,Acid,38.0,,0.0,,0.0,,0.0,,0.0,,0.0,Body-Slam,Take-Down,Double-Edge,Strength,Mega-Drain,Earthquake,Fissure,Dig,Toxic,Rage,Mimic,Double-Team,Bide,Skull-Bash,Rest,Rock-Slide,Substitute,,,,,,,,,,,,,,,,,,,,,,,,,,,,,,,,,,,,,,,7,17,5
67,Oddish,Plant,Poison,Poison,Plant/Poison,Plant/Poison,8,F,72.0,43,45,50,55,30,75,255,51,175,Absorb,1,Poison Powder,15.0,Stun Spore,17.0,Sleep Powder,19.0,Acid,24.0,Petal Dance,33.0,Solar Beam,46.0,,0.0,,0.0,,0.0,,0.0,,0.0,Swords-Dance,Cut,Take-Down,Double-Edge,Mega-Drain,Solar-Beam,Toxic,Rage,Mimic,Double-Team,Reflect,Bide,Rest,Substitute,,,,,,,,,,,,,,,,,,,,,,,,,,,,,,,,,,,,,,,,,,7,14,6
68,Koffing,Poison,,Poison,Poison,Poison/Poison,8,F,73.0,109,40,65,95,35,60,295,59,195,Tackle,1,Smog,1.0,Sludge,32.0,Smokescreen,37.0,Self Destruct,40.0,Haze,45.0,Explosion,48.0,,0.0,,0.0,,0.0,,0.0,,0.0,Thunderbolt,Thunder,Toxic,Rage,Mimic,Double-Team,Bide,Self-Destruct,Fire-Blast,Explosion,Rest,Substitute,,,,,,,,,,,,,,,,,,,,,,,,,,,,,,,,,,,,,,,,,,,,7,12,7
69,Geodude,Ground,Rock,Rock,Ground/Rock,Ground/Rock,8,F,79.0,74,40,80,100,20,30,270,54,170,Tackle,1,Defense Curl,11.0,Rock Throw,16.0,Self Destruct,21.0,Harden,26.0,Earthquake,31.0,Explosion,36.0,,0.0,,0.0,,0.0,,0.0,,0.0,Mega-Punch,Body-Slam,Take-Down,Double-Edge,Submission,Counter,Seismic-Toss,Strength,Earthquake,Fissure,Dig,Toxic,Rage,Mimic,Double-Team,Bide,Metronome,Self-Destruct,Fire-Blast,Explosion,Rest,Rock-Slide,Substitute,,,,,,,,,,,,,,,,,,,,,,,,,,,,,,,,,7,23,7
70,Squirtle,Water,,Water,Water,Water/Water,8,F,80.0,7,44,48,65,43,50,250,50,159,Tackle,1,Tail Whip,1.0,Bubble,8.0,Water Gun,15.0,Bite,22.0,Withdraw,28.0,Skull Bash,35.0,Hydro Pump,42.0,,0.0,,0.0,,0.0,,0.0,Mega-Punch,Mega-Kick,Body-Slam,Take-Down,Double-Edge,Water-Gun,Surf,Ice-Beam,Blizzard,Bubble-Beam,Submission,Counter,Seismic-Toss,Strength,Dig,Toxic,Rage,Mimic,Double-Team,Reflect,Bide,Skull-Bash,Rest,Substitute,,,,,,,,,,,,,,,,,,,,,,,,,,,,,,,,8,24,8
71,Jigglypuff,Normal,,Normal,Normal,Normal/Normal,9,G,79.0,39,115,45,20,20,25,225,45,160,Sing,1,Pound,9.0,Disable,14.0,Defense Curl,19.0,Double Slap,24.0,Rest,29.0,Body Slam,34.0,Double Edge,39.0,,0.0,,0.0,,0.0,,0.0,Mega-Punch,Mega-Kick,Body-Slam,Take-Down,Double-Edge,Water-Gun,Ice-Beam,Blizzard,Bubble-Beam,Submission,Counter,Seismic-Toss,Strength,Solar-Beam,Thunderbolt,Thunder-Wave,Thunder,Toxic,Psychic,Rage,Teleport,Mimic,Double-Team,Reflect,Bide,Fire-Blast,Skull-Bash,Flash,Psywave,Rest,Tri-Attack,Substitute,,,,,,,,,,,,,,,,,,,,,,,,8,32,10
72,Nidoran_m,Poison,,Poison,Poison,Poison/Poison,10,H,78.0,32,46,57,40,50,40,233,"46,6",126,Tackle,1,Leer,1.0,Horn Attack,8.0,Poison Sting,14.0,Focus Energy,21.0,Fury Attack,29.0,Horn Drill,36.0,Double Kick,43.0,,0.0,,0.0,,0.0,,0.0,Horn Drill,Body Slam,Take Down,Double Edge,Blizzard,Thunderbolt,Thunder,Toxic,Rage,Mimic,Double Team,Reflect,Bide,Skull Bash,Rest,Substitute,,,,,,,,,,,,,,,,,,,,,,,,,,,,,,,,,,,,,,,,8,16,9
73,Diglett,Ground,,Ground,Ground,Ground/Ground,10,H,78.0,50,10,55,25,95,45,230,46,80,Scratch,1,Growl,15.0,Dig,19.0,Sand Attack,24.0,Slash,31.0,Earthquake,40.0,,0.0,,0.0,,0.0,,0.0,,0.0,,0.0,Body-Slam,Take-Down,Double-Edge,Earthquake,Fissure,Dig,Toxic,Rage,Mimic,Double-Team,Bide,Rest,Rock-Slide,Substitute,,,,,,,,,,,,,,,,,,,,,,,,,,,,,,,,,,,,,,,,,,6,14,7
74,Eevee,Normal,,Normal,Normal,Normal/Normal,10,H,81.0,133,55,55,50,55,65,280,56,170,Sand Attack,1,Tackle,1.0,Quick Attack,27.0,Tail Whip,31.0,Bite,37.0,Take Down,45.0,,0.0,,0.0,,0.0,,0.0,,0.0,,0.0,Body-Slam,Take-Down,Double-Edge,Toxic,Rage,Mimic,Double-Team,Reflect,Bide,Swift,Skull-Bash,Rest,Substitute,,,,,,,,,,,,,,,,,,,,,,,,,,,,,,,,,,,,,,,,,,,6,13,5
75,Nidoran_f,Poison,,Poison,Poison,Poison/Poison,10,H,80.0,29,55,47,52,41,40,235,47,147,Tackle,1,Growl,1.0,Scratch,8.0,Poison Sting,14.0,Tail Whip,21.0,Bite,29.0,Fury Swipes,36.0,Double Kick,43.0,,0.0,,0.0,,0.0,,0.0,Body Slam,Take Down,Double Edge,Blizzard,Thunderbolt,Thunder,Toxic,Rage,Mimic,Double Team,Reflect,Bide,Skull Bash,Rest,Substitute,,,,,,,,,,,,,,,,,,,,,,,,,,,,,,,,,,,,,,,,,8,15,9
76,Venot,Insect,Poison,Poison,Insect/Poison,Insect/Poison,10,H,79.0,48,60,55,50,45,40,250,50,150,Tackle,1,Disable,1.0,Poison Powder,24.0,Leech Life,27.0,Stun Spore,30.0,Psybeam,35.0,Sleep Powder,38.0,Psychic,43.0,,0.0,,0.0,,0.0,,0.0,Take-Down,Double-Edge,Mega-Drain,Solar-Beam,Toxic,Psychic,Rage,Mimic,Double-Team,Reflect,Bide,Psywave,Rest,Substitute,,,,,,,,,,,,,,,,,,,,,,,,,,,,,,,,,,,,,,,,,,8,14,5
77,Paras,Insect,Plant,Plant,Insect/Plant,Insect/Plant,10,H,72.0,46,35,70,55,25,55,240,48,145,Scratch,1,Stun Spore,13.0,Leech Life,20.0,Spore,27.0,Slash,34.0,Growth,41.0,,0.0,,0.0,,0.0,,0.0,,0.0,,0.0,Swords-Dance,Cut,Body-Slam,Take-Down,Double-Edge,Mega-Drain,Solar-Beam,Dig,Toxic,Rage,Mimic,Double-Team,Reflect,Bide,Skull-Bash,Rest,Substitute,,,,,,,,,,,,,,,,,,,,,,,,,,,,,,,,,,,,,,,6,17,5
78,Zubat,Poison,Fly,Fly,Poison/Fly,Poison/Fly,10,H,82.0,41,40,45,35,55,40,215,43,115,Leech Life,1,Supersonic,10.0,Bite,15.0,Confuse Ray,21.0,Wing Attack,28.0,Haze,36.0,,0.0,,0.0,,0.0,,0.0,,0.0,,0.0,Razor-Wind,Whirlwind,Take-Down,Double-Edge,Mega-Drain,Toxic,Rage,Mimic,Double-Team,Bide,Swift,Rest,Substitute,,,,,,,,,,,,,,,,,,,,,,,,,,,,,,,,,,,,,,,,,,,6,13,5
79,Pidgey,Normal,Fly,Fly,Normal/Fly,Normal/Fly,11,I,90.0,16,40,45,40,56,35,216,"43,2",115,Gust,1,Sand Attack,5.0,Quick Attack,12.0,Whirlwind,19.0,Wing Attack,28.0,Agility,36.0,Mirror Move,44.0,,0.0,,0.0,,0.0,,0.0,,0.0,Razor-Wind,Whirlwind,Fly,Take-Down,Double-Edge,Toxic,Rage,Mimic,Double-Team,Reflect,Bide,Swift,Sky-Attack,Rest,Substitute,,,,,,,,,,,,,,,,,,,,,,,,,,,,,,,,,,,,,,,,,7,15,6
80,Abra,Psychic,,Psychic,Psychic,Psychic/Psychic,11,I,63.0,63,25,20,15,90,105,255,51,145,Teleport,1,,0.0,,0.0,,0.0,,0.0,,0.0,,0.0,,0.0,,0.0,,0.0,,0.0,,0.0,Mega-Punch,Mega-Kick,Body-Slam,Take-Down,Double-Edge,Submission,Counter,Seismic-Toss,Thunder-Wave,Toxic,Psychic,Rage,Teleport,Mimic,Double-Team,Reflect,Bide,Metronome,Skull-Bash,Flash,Psywave,Rest,Tri-Attack,Substitute,,,,,,,,,,,,,,,,,,,,,,,,,,,,,,,,1,24,4
81,Ditto,Normal,,Normal,Normal,Normal/Normal,12,J,100.0,132,48,48,48,48,48,240,48,144,Transform,1,,0.0,,0.0,,0.0,,0.0,,0.0,,0.0,,0.0,,0.0,,0.0,,0.0,,0.0,,,,,,,,,,,,,,,,,,,,,,,,,,,,,,,,,,,,,,,,,,,,,,,,,,,,,,,,1,0,5
82,Weedle,Insect,Poison,Poison,Insect/Poison,Insect/Poison,13,KO,0.0,13,40,35,30,50,20,175,35,90,Poison Sting,1,String Shot,1.0,,0.0,,0.0,,0.0,,0.0,,0.0,,0.0,,0.0,,0.0,,0.0,,0.0,,,,,,,,,,,,,,,,,,,,,,,,,,,,,,,,,,,,,,,,,,,,,,,,,,,,,,,,2,0,6
83,Caterpie,Insect,,Insect,Insect,Insect/Insect,13,KO,0.0,10,45,30,35,45,20,175,35,100,Tackle,1,String Shot,1.0,Tackle,1.0,String Shot,1.0,Bug Bite,15.0,,0.0,,0.0,,0.0,,0.0,,0.0,,0.0,,0.0,,,,,,,,,,,,,,,,,,,,,,,,,,,,,,,,,,,,,,,,,,,,,,,,,,,,,,,,5,0,8
84,Magikarp,Water,,Water,Water,Water/Water,13,KO,0.0,129,20,10,55,80,20,185,37,95,Splash,1,Tackle,15.0,,0.0,,0.0,,0.0,,0.0,,0.0,,0.0,,0.0,,0.0,,0.0,,0.0,,,,,,,,,,,,,,,,,,,,,,,,,,,,,,,,,,,,,,,,,,,,,,,,,,,,,,,,2,0,8
